sample_id;Давление в E-301;Масса КГД из куба колонны;Вывод балансового избытка;520-540;K-301 Темп-ра в гор. зоне;Метан+этан из жидкости в Е-301;60-70;50-60;н-пентан;40-50
ПРОБА 2;1.66665012458691;196.078498990079;0.0999675102526988;0.0599838330012333;179.010336514917;0.0700664738653783;3.59503321466534;0.128034046501748;2.71;0.348863075347693
ПРОБА 3;1.65607040746289;195.805308335678;0.0999577431616879;0.0599838330012333;178.99863011608;0.0700282735625866;3.59503321466534;0.128034046501748;2.71;0.348863075347693
ПРОБА 4;1.64737710643419;195.827064366212;0.0999631637320328;0.0599838330012333;179.018314700364;0.0700868815260011;3.59503321466534;0.128034046501748;2.71;0.348863075347693
ПРОБА 5;1.63819897664173;195.740874317295;0.0999650624582589;0.0599838330012333;178.997007460911;0.0700689733846728;3.59503321466534;0.128034046501748;2.71;0.348863075347693
ПРОБА 6;1.62934832702497;195.615814490735;0.0999724870697904;0.0599838330012333;179.003946060868;0.0700653085194512;3.59503321466534;0.128034046501748;2.71;0.348863075347693
ПРОБА 7;1.62076545464015;195.49350636523;0.0999697539653095;0.0599838330012333;178.999733884379;0.0700649892968379;3.59503321466534;0.128034046501748;2.71;0.348863075347693
ПРОБА 8;1.61237216666145;195.369457092427;0.0999696240358088;0.0599838330012333;179.000376500733;0.0700640356173679;3.59503321466534;0.128034046501748;2.71;0.348863075347693
ПРОБА 9;1.60416482697807;195.244473327223;0.0999738624588377;0.0599838330012333;179.003423118894;0.0700597138517698;3.59503321466534;0.128034046501748;2.71;0.348863075347693
ПРОБА 10;1.59620466605404;195.121005369418;0.0999757767995287;0.0599838330012333;178.99983627877;0.0700591746291169;3.59503321466534;0.128034046501748;2.71;0.348863075347693
ПРОБА 11;1.65087664882134;195.988716598094;0.100062882652595;0.0599838330012333;179.006548843779;0.0698616350046568;3.59503321466534;0.128034046501748;2.71;0.348863075347693
ПРОБА 12;1.65684988139737;196.130140184763;0.10002005557099;0.0599838330012333;178.997856240617;0.0699393785960506;3.59503321466534;0.128034046501748;2.71;0.348863075347693
ПРОБА 13;1.6624434601712;196.268459208659;0.10002185982959;0.0599838330012333;178.997309049971;0.0699458245129657;3.59503321466534;0.128034046501748;2.71;0.348863075347693
ПРОБА 14;1.66287915329792;196.362482673345;0.0999963184460523;0.0599838330012333;179.013463750433;0.0700094768438356;3.59503321466534;0.128034046501748;2.71;0.348863075347693
ПРОБА 15;1.64817320955036;195.8719774639;0.099948503509117;0.0599838330012333;179.015062402369;0.0701326785787373;3.59503321466534;0.128034046501748;2.71;0.348863075347693
ПРОБА 17;1.64685105154442;195.775656980656;0.0999927736636347;0.0599838330012333;178.964169698766;0.0700040011844643;3.59503321466534;0.128034046501748;2.71;0.348863075347693
ПРОБА 16;1.64662230820951;195.663934059798;0.100004130161924;0.0599838330012333;179.007041480281;0.0699905251389632;3.59503321466534;0.128034046501748;2.71;0.348863075347693
ПРОБА 19;1.61992484502037;196.1988541474;0.0999652818801618;0.0599838330012333;178.999767018909;0.0700667316550699;3.59503321466534;0.128034046501748;2.81;0.348863075347693
ПРОБА 18;1.65700488116698;196.448366720255;0.100040959249191;0.0599838330012333;179.003339987115;0.0699125731307594;3.59503321466534;0.128034046501748;2.71;0.348863075347693
ПРОБА 20;1.71511483924626;198.808240594135;0.100068242247341;0.0599838330012333;179.007854830122;0.0698474225092262;3.59503321466534;0.128034046501748;2.8;0.348863075347693
ПРОБА 21;1.63788505025806;195.816659277076;0.0999264726180939;0.0599838330012333;178.986826770118;0.0701554656298533;3.59503321466534;0.128034046501748;2.71;0.348863075347693
ПРОБА 22;1.63020483509472;195.790618224726;0.099979498276283;0.0599838330012333;179.047230841991;0.0700308715056136;3.59503321466534;0.128034046501748;2.81;0.348863075347693
ПРОБА 23;1.64301151277694;196.006332715519;0.100010085962305;0.0599838330012333;179.02693714184;0.0698245146335505;3.59503321466534;0.128034046501748;3.01;0.348863075347693
ПРОБА 24;1.67770566775094;197.055138286163;0.100041180519233;0.0599838330012333;179.008238578918;0.0699193034665965;3.59503321466534;0.128034046501748;3.31;0.348863075347693
ПРОБА 25;1.66764551317595;196.229083190462;0.0999902800149998;0.0599838330012333;178.997698695498;0.0701814175111332;3.59503321466534;0.128034046501748;2.71;0.348863075347693
ПРОБА 26;1.64767817853167;195.858179878811;0.0999358035338443;0.0599838330012333;178.979462163853;0.0701247488835423;3.59503321466534;0.128034046501748;2.61;0.348863075347693
ПРОБА 27;1.65700488116698;196.448366720255;0.100040959249191;0.0599838330012333;179.003339987115;0.0699125731307594;3.59503321466534;0.128034046501748;3.61;0.348863075347693
ПРОБА 28;1.67001385323357;195.370001507736;0.100049848003807;0.0599838330012333;178.996364363176;0.0698500666334936;3.59503321466534;0.128034046501748;2.61;0.348863075347693
ПРОБА 29;1.67649055617512;197.288126184782;0.100017269712923;0.0599838330012333;179.004011989131;0.0699556638051183;3.59503321466534;0.128034046501748;2.81;0.348863075347693
ПРОБА 30;1.608;195.721658766505;0.0999264290167956;0.0599838330012333;178.989708086885;0.0701422758215579;3.59503321466534;0.128034046501748;3.71;0.348863075347693
ПРОБА 31;1.65617635105837;196.211090586624;0.100056759625909;0.0599838330012333;179.005837472358;0.0698819495363762;3.59503321466534;0.128034046501748;2.71;0.4
ПРОБА 32;1.65495954750801;196.136721723232;0.100001968991764;0.0599838330012333;179.009625367119;0.0700192563338955;3.79503321466534;0.828034046501748;1.71;0.65
ПРОБА 33;1.70676311993214;195.834150403527;0.100058782312285;0.0599838330012333;178.843719983365;0.0698878544861388;3.59503321466534;0.128034046501748;5.71;0.348863075347693
ПРОБА 34;1.71511197878196;196.713241545918;0.10009616038263;0.0599838330012333;178.728729377473;0.0699458607193008;3.59503321466534;0.128034046501748;3.71;0.348863075347693
ПРОБА 35;1.62615574921565;195.263859419526;0.0999650983915419;0.0599838330012333;178.994202715389;0.0700663646537883;3.59503321466534;0.128034046501748;2.71;0.348863075347693
ПРОБА 36;1.54477829212801;194.974135580495;0.0999221884035612;0.0599838330012333;178.985853424337;0.0701474323607001;3.59503321466534;0.128034046501748;2.91;0.348863075347693
ПРОБА 37;2.50730843247103;192.477274622281;0.100083401804639;0.0599838330012333;179.062757838987;0.069843520339178;3.59503321466534;0.128034046501748;2.91;0.348863075347693
ПРОБА 38;1.64723388757027;195.84320545398;0.0999560546748299;0.0599838330012333;179.01087000604;0.0701000380469715;3.5;0.128034046501748;2.71;0.45
ПРОБА 39;1.64628116514457;195.743497063643;0.0999938795697035;0.0599838330012333;178.998109979633;0.0700353466082114;3.59503321466534;0.128034046501748;2.71;0.348863075347693
ПРОБА 40;1.66292225358683;196.67121549256;0.100053150441803;0.0599838330012333;178.984651903199;0.0698599725477079;3.59503321466534;0.128034046501748;2.71;0.548863075347693
ПРОБА 41;1.53581428884818;193.44983335923;0.0999763407439266;0.0599838330012333;178.991090289266;0.0700542577286032;3.59503321466534;0.128034046501748;2.71;0.348863075347693
ПРОБА 42;1.56541049380179;194.64851559556;0.099929933608264;0.0599838330012333;179.000177705703;0.0701485327396043;3.59503321466534;0.128034046501748;2.71;0.348863075347693
ПРОБА 43;1.56543621624886;194.649344851004;0.0999288415268627;0.0599838330012333;178.996968277791;0.0701537557056181;3.59503321466534;0.128034046501748;2.71;0.348863075347693
ПРОБА 44;1.75304035284325;197.10204510543;0.100032462486295;0.0599838330012333;179.001889219221;0.0699257682429429;3.59503321466534;0.128034046501748;2.71;0.348863075347693
ПРОБА 45;1.89438696229444;198.341718805994;0.100053138918963;0.0599838330012333;179.003466316686;0.0698770912574058;3.59503321466534;0.128034046501748;2.71;0.348863075347693
ПРОБА 46;2.08446276401419;199.552935006742;0.100051490225536;0.0599838330012333;179.002099967189;0.0698921754339456;3.59503321466534;0.128034046501748;2.71;0.348863075347693
ПРОБА 47;2.37151650979643;200.895809503057;0.100050616180315;0.0599838330012333;179.000215395058;0.0698654332002576;3.59503321466534;0.128034046501748;2.71;0.348863075347693
ПРОБА 48;2.895;202.835000252343;0.100017526199714;0.0599838330012333;179.00239063316;0.069970116425007;3.59503321466534;0.128034046501748;2.71;0.348863075347693
ПРОБА 49;3.59093655552084;204.093093812026;0.100042686146052;0.0599838330012333;179.003840496042;0.0698684618999441;3.59503321466534;0.128034046501748;2.71;0.348863075347693
ПРОБА 50;1.64677415479938;194.893741272482;0.100011645894041;0.0599838330012333;179.000298742307;0.0699623497577281;3.59503321466534;0.128034046501748;2.71;0.348863075347693
ПРОБА 51;1.64814727417772;196.821529002105;0.0999279593045627;0.0599838330012333;179.029929997005;0.0701567708351634;3.59503321466534;0.128034046501748;2.71;0.348863075347693
ПРОБА 52;1.64872957610694;197.796139946406;0.0999579501454387;0.0599838330012333;179.001707219876;0.0700771772719486;3.59503321466534;0.128034046501748;2.71;0.348863075347693
ПРОБА 53;1.65094669951116;199.212415138743;0.0999449604425168;0.0599838330012333;179.033421670885;0.070109237665061;3.59503321466534;0.128034046501748;2.71;0.348863075347693
ПРОБА 54;1.65017206088465;198.787911628556;0.100071687195889;0.0599838330012333;178.983024563679;0.0699645568134138;3.59503321466534;0.128034046501748;2.71;0.348863075347693
ПРОБА 55;1.65316357314705;199.717240266061;0.0998866426709209;0.0599838330012333;179.052587850661;0.0701468136323459;3.59503321466534;0.128034046501748;2.71;0.348863075347693
ПРОБА 56;1.65666050336801;200.708658630956;0.0999691333892405;0.0599838330012333;179.013867828325;0.0700786653520927;3.59503321466534;0.128034046501748;2.71;0.348863075347693
ПРОБА 57;1.66084328666492;201.682136057962;0.0999654805716377;0.0599838330012333;179.009644587619;0.070059547776441;3.59503321466534;0.128034046501748;2.71;0.348863075347693
ПРОБА 58;1.6658509673624;202.646007027503;0.0999840848611524;0.0599838330012333;179.039421626859;0.0700500299797842;3.59503321466534;0.128034046501748;2.71;0.348863075347693
ПРОБА 59;1.65123058530696;196.415365345037;0.0999932632020098;0.0599838330012333;179.07381281184;0.0700264365986835;3.59503321466534;0.128034046501748;2.71;0.348863075347693
ПРОБА 60;1.65646857222866;197.009659752791;0.0999700561378935;0.0599838330012333;179.061401563397;0.0700274913464194;3.59503321466534;0.128034046501748;2.71;0.348863075347693
ПРОБА 61;1.66114261055417;197.593140676289;0.0999727500462535;0.0599838330012333;179.026613945533;0.069989583578359;3.59503321466534;0.128034046501748;2.71;0.348863075347693
ПРОБА 62;1.66615958203762;198.156548928213;0.0999798253284593;0.0599838330012333;179.048075234428;0.0699958939810058;3.59503321466534;0.128034046501748;2.71;0.348863075347693
ПРОБА 63;1.63823674111392;194.290664069555;0.0999992313904225;0.0599838330012333;179.093240237256;0.0700618657583646;3.59503321466534;0.128034046501748;1.71;0.348863075347693
ПРОБА 64;1.65829304508831;195.157331674894;0.100062369584607;0.0599838330012333;178.998788115576;0.0698985340848023;3.59503321466534;0.128034046501748;3.71;0.348863075347693
ПРОБА 65;1.66814425139216;194.347073815846;0.0999749996673429;0.0599838330012333;179.135416227043;0.0700959416253809;3.59503321466534;0.128034046501748;4.71;0.348863075347693
ПРОБА 66;1.67826400565267;193.580803073046;0.100013588256776;0.0599838330012333;179.043330673349;0.0699971469065243;3.59503321466534;0.128034046501748;5.71;0.348863075347693
ПРОБА 67;1.69374304391901;193.678859102436;0.100049193402887;0.0599838330012333;179.010196056383;0.0699301118164918;3.59503321466534;0.128034046501748;6.71;0.348863075347693
ПРОБА 68;1.66190838279802;197.251459415478;0.0999772323811425;0.0599838330012333;179.089367088514;0.0700973577433712;3.59503321466534;0.128034046501748;3.71;0.348863075347693
ПРОБА 69;1.61239487777202;193.612441933346;0.100085615052006;0.0599838330012333;179.002840060825;0.0698216122758367;3.59503321466534;0.128034046501748;3.71;0.348863075347693
ПРОБА 70;1.25589290003209;0.0;0.121409289150035;0.0599838330012333;85.0721062007672;0.0518151290465458;3.59503321466534;7.13;2.71;5.43
ПРОБА 71;2.23980861204777;164.123695279725;0.0999623166861289;0.0599838330012333;179.002173752739;0.0701394151086375;3.59503321466534;0.128034046501748;0.0;0.348863075347693
ПРОБА 72;2.14231947318169;164.342583988184;0.0999538721831954;0.0599838330012333;178.999280864387;0.070147068539529;3.59503321466534;0.128034046501748;0.0;0.348863075347693
ПРОБА 73;2.05368042980589;164.53547618336;0.0999608914296397;0.0599838330012333;178.999923486107;0.0701266567677478;3.59503321466534;0.128034046501748;0.0;0.348863075347693
ПРОБА 74;1.97177487386167;164.698690707364;0.100042170857904;0.0599838330012333;178.999884986369;0.0698399594677896;3.59503321466534;0.128034046501748;0.0;0.348863075347693
ПРОБА 75;1.90152304310265;164.836491276277;0.100040492272962;0.0599838330012333;178.998945368574;0.0698739505099013;3.59503321466534;0.128034046501748;0.0;0.348863075347693
ПРОБА 76;1.8385972344756;164.941165254644;0.10004895571364;0.0599838330012333;178.998689140115;0.0698447134148887;3.59503321466534;0.128034046501748;0.0;0.348863075347693
ПРОБА 77;1.78602647800921;165.013070248342;0.0999732070877761;0.0599838330012333;179.000780425604;0.0700820035790865;3.59503321466534;0.128034046501748;0.0;0.348863075347693
ПРОБА 78;1.93382551703972;129.17911007437;0.0012411822589136;0.0599838330012333;178.897988203027;0.0907700431447633;3.59503321466534;0.128034046501748;0.0;0.348863075347693
ПРОБА 79;1.73850338384138;165.197658909923;0.109837570556798;0.0599838330012333;176.532840505452;0.0758660882212817;3.59503321466534;0.128034046501748;0.0;0.348863075347693
ПРОБА 81;1.69181622681522;164.60626690042;0.113050010763949;0.0599838330012333;178.988741511379;0.0796135041543031;3.59503321466534;0.128034046501748;0.0;0.348863075347693
ПРОБА 82;1.10636987694281;198.867038933989;0.0979324355883045;0.0599838330012333;178.95978861926;0.0719676540513606;3.59503321466534;0.128034046501748;0.0;0.35
ПРОБА 83;1.11041732022936;196.32829074207;0.101114859400081;0.0599838330012333;180.478256821981;0.0693282187810231;3.59503321466534;0.128034046501748;0.0;0.348863075347693
ПРОБА 84;1.14294543421372;196.493859695025;0.0969377069571306;0.0599838330012333;178.923874512682;0.0731336989651607;3.59503321466534;0.128034046501748;0.0;0.348863075347693
ПРОБА 85;1.13825189710376;194.881777076004;0.0998841630098341;0.0599838330012333;178.982931906096;0.0700062334314723;3.59503321466534;0.128034046501748;0.0;0.348863075347693
ПРОБА 86;1.15404723525518;193.656163913926;0.0999244917468981;0.0599838330012333;178.99208181536;0.070016425458949;3.59503321466534;0.128034046501748;0.0;0.348863075347693
ПРОБА 87;1.16983297955303;192.493608280532;0.0998867327106196;0.0599838330012333;178.968966903569;0.0700046607647122;3.59503321466534;0.128034046501748;0.0;0.348863075347693
ПРОБА 88;1.18646373186836;191.313398504889;0.0999798225386929;0.0599838330012333;178.993499744356;0.0700285893652501;3.59503321466534;0.128034046501748;0.0;0.348863075347693
ПРОБА 89;1.20302978401421;190.187991296745;0.0999655600428369;0.0599838330012333;178.990121375881;0.0700291016882827;3.59503321466534;0.128034046501748;0.0;0.348863075347693
ПРОБА 90;1.21980302202674;189.087040172468;0.0999779104784724;0.0599838330012333;178.986694596367;0.0700275070342902;3.59503321466534;0.128034046501748;0.0;0.348863075347693
ПРОБА 91;1.23676440953778;187.999323106564;0.0999759814188372;0.0599838330012333;178.996243116347;0.0700227610239782;3.59503321466534;0.128034046501748;0.0;0.348863075347693
ПРОБА 92;1.25345335156531;186.972948774694;0.0999493996240373;0.0599838330012333;178.93832010443;0.0700186646416057;3.59503321466534;0.128034046501748;0.0;0.348863075347693
ПРОБА 93;1.10181994343972;226.771183927586;0.25332179541769;0.0599838330012333;162.356765906859;0.117746180984115;3.59503321466534;0.128034046501748;0.0;0.348863075347693
ПРОБА 94;1.20106536675628;225.419257615441;0.0638326576359661;0.0599838330012333;177.331105142084;0.133365745345535;3.59503321466534;0.128034046501748;0.0;0.348863075347693
ПРОБА 95;1.55112385341541;234.448767822834;0.0292782533143088;0.0599838330012333;163.504740018183;0.191716991710876;3.59503321466534;0.128034046501748;0.0;0.348863075347693
ПРОБА 96;0.51185267672341;193.312443052522;14.4623203091041;0.0599838330012333;173.610641993022;0.0327950509149222;3.59503321466534;0.128034046501748;0.0;0.348863075347693
ПРОБА 97;0.710475194530567;222.920951705837;0.111725932899969;0.0599838330012333;166.477027127917;0.0620429411298482;3.59503321466534;0.128034046501748;0.0;0.348863075347693
ПРОБА 98;1.30795818643087;234.352111704436;0.115565425034749;0.0599838330012333;158.938993263884;0.150460782881722;3.59503321466534;0.128034046501748;0.0;0.348863075347693
ПРОБА 99;1.43647433286275;230.229027351655;0.095704608172923;0.0599838330012333;175.096189926466;0.171912398588437;3.59503321466534;0.128034046501748;0.0;0.348863075347693
ПРОБА 100;;;;0.0599838330012333;;;3.59503321466534;0.128034046501748;0.0;0.348863075347693
ПРОБА 101;1.12524677788334;206.352035968457;20.3479420445428;0.0599838330012333;201.356535809662;0.107271783542333;3.59503321466534;0.128034046501748;0.0;0.348863075347693
ПРОБА 102;1.58158641286515;225.496127647694;-0.095982444413302;0.0599838330012333;-271.15;0.181039668651207;3.59503321466534;0.128034046501748;0.0;0.348863075347693
ПРОБА 103;1.42985456944334;238.007134143256;0.0982646845614926;0.0599838330012333;158.875803654446;0.16864793842122;3.59503321466534;0.128034046501748;0.0;0.348863075347693
ПРОБА 102_dup2;2400.0;0.0;3.0;0.0599838330012333;160.0;0.0327950509149222;3.5268402993154795;0.128034046501748;1.0010887708160296;0.348863075347693
ПРОБА 103_dup2;2400.0;0.0;4.0;0.1055762737672501;160.0;0.191716991710876;3.651686122736976;0.128034046501748;4.503868189858239;0.348863075347693
ПРОБА 104;2400.0;0.1314051867098976;5.0;0.0599838330012333;160.0;0.0327950509149222;3.5;0.128034046501748;0.0;0.348863075347693
ПРОБА 105;2400.0;0.0004480183497132;6.0;0.0599838330012333;160.0;0.0327950509149222;3.5;0.1306574546135037;0.0;0.5937078666052246
ПРОБА 106;2400.0;3.3555884388170987e-06;7.0;1.1025174152646398;160.0;0.191716991710876;4.647971367567407;1.186018109516653;6.71;1.1276676273143431
ПРОБА 107;2400.0;16.2596820109446;8.0;0.4689103147462019;160.0;0.191716991710876;4.006487722190745;0.128034046501748;6.71;1.0237763643109248
ПРОБА 108;2400.0;0.0;9.0;0.2990479035263828;160.0;0.191716991710876;3.856072449012497;0.4353258810331057;6.71;0.3525730139863477
ПРОБА 109;2400.0;0.0;10.0;0.0599838330012333;160.0;0.0327950509149222;3.5172389055103865;0.128034046501748;0.5530959368656398;0.348863075347693
ПРОБА 110;2400.0;0.0;11.0;0.0599838330012333;160.0;0.0327950509149222;3.5;0.128034046501748;0.0;0.348863075347693
ПРОБА 111;2400.0;35.212117224604725;12.0;0.2738224971504069;160.0;0.191716991710876;3.779508897632637;0.128034046501748;6.71;0.9278929447386556
ПРОБА 112;2400.0;-2.1705391038010248e-10;13.0;0.0599838330012333;160.0;0.0327950509149222;3.5;0.1609557126360856;0.0;0.348863075347693
ПРОБА 113;2400.0;-2.1705391038010248e-10;14.0;0.1571651636664201;160.0;0.191716991710876;3.7161297264529938;0.128034046501748;5.035141889040444;0.348863075347693
ПРОБА 114;2400.0;-2.1705391038010248e-10;15.0;0.0599838330012333;160.0;0.0327950509149222;3.5;0.128034046501748;0.0;0.348863075347693
ПРОБА 115;2400.0;-2.1705391038010248e-10;16.0;0.1713452218834049;160.0;0.191716991710876;3.740772452547816;0.128034046501748;4.709853559240299;0.348863075347693
ПРОБА 116;2400.0;-2.1705391038010248e-10;17.0;0.1727383511945876;160.0;0.191716991710876;3.7319489255234175;1.000956328773252;4.743212917451556;0.348863075347693
ПРОБА 117;2400.0;-2.1705391038010248e-10;18.0;0.1646347861029157;160.0;0.191716991710876;3.694893119662931;0.128034046501748;4.79567750002381;0.63229245925692
ПРОБА 118;2400.0;-0.201926812421593;3.0;0.0599838330012333;163.0;0.0327950509149222;3.5;0.198619586878776;0.0;0.348863075347693
ПРОБА 119;2400.0;0.0;4.0;0.0599838330012333;163.0;0.0327950509149222;3.5;0.128034046501748;0.0;1.1670441215032796
ПРОБА 120;2400.0;0.0;5.0;0.1747161061320341;163.0;0.191716991710876;3.683344511649484;0.3099480375715547;4.418953670630737;0.348863075347693
ПРОБА 121;2400.0;0.0;6.0;0.1620788540850652;163.0;0.191716991710876;3.699249705458744;0.6682247827883813;5.183775237986001;0.5455057916868873
ПРОБА 122;2400.0;-0.0394385656574131;7.0;0.0599838330012333;163.0;0.0327950509149222;3.5;0.128034046501748;0.0;0.348863075347693
ПРОБА 123;2400.0;0.0;8.0;0.0599838330012333;163.0;0.0327950509149222;3.5;0.4044507767136571;0.0;0.348863075347693
ПРОБА 124;2400.0;0.0;9.0;0.0599838330012333;163.0;0.0327950509149222;3.5;0.128034046501748;0.0;0.348863075347693
ПРОБА 125;2400.0;0.0;10.0;0.0599838330012333;163.0;0.0327950509149222;3.5;0.1360960947705516;0.0;0.348863075347693
ПРОБА 126;2400.0;34.274789299923995;11.0;0.2819486527748025;163.0;0.191716991710876;3.8303452953452366;0.8894714605387302;6.71;0.6723916560870131
ПРОБА 127;2400.0;0.0;12.0;0.1196680686100167;163.0;0.191716991710876;3.635322548118856;0.5708096057878376;4.164453731197095;1.212423078401231
ПРОБА 128;2400.0;0.0;13.0;0.0599838330012333;163.0;0.0327950509149222;3.5;1.09626849765446;0.0;0.348863075347693
ПРОБА 129;2400.0;33.61463431921056;14.0;0.2925190921221798;163.0;0.191716991710876;3.8316917742465537;0.128034046501748;6.71;0.6980033066910156
ПРОБА 130;2400.0;0.0;15.0;0.0599838330012333;163.0;0.0327950509149222;3.5;0.128034046501748;0.0;0.578317278386782
ПРОБА 131;2400.0;0.0;16.0;0.1442728262170103;163.0;0.191716991710876;3.691477275777301;0.128034046501748;3.694684847952229;0.3567932276731903
ПРОБА 132;2400.0;0.0;17.0;0.0599838330012333;163.0;0.0327950509149222;3.5;0.3974902709156131;0.3632454406669278;0.348863075347693
ПРОБА 133;2400.0;0.0;18.0;0.1795580871339541;163.0;0.191716991710876;3.6964020994661055;0.5328209148055245;5.096906298445962;0.348863075347693
ПРОБА 134;2400.0;0.0;3.0;0.0599838330012333;166.0;0.0327950509149222;3.5;0.128034046501748;0.3647401827789617;0.4948753894913614
ПРОБА 135;2400.0;0.0;4.0;0.0677655978439543;166.0;0.1299080974602717;3.585072794931889;0.128034046501748;2.855221802853805;0.348863075347693
ПРОБА 136;2400.0;0.7339592073956062;5.0;0.177459670139514;166.0;0.191716991710876;3.674901453978432;0.6950914603108842;5.179158618632618;0.348863075347693
ПРОБА 137;2400.0;0.0;6.0;0.1835434450866083;166.0;0.191716991710876;3.732921161464413;0.128034046501748;5.616412171244501;0.524258454399164
ПРОБА 138;2400.0;-4.491828789979556;7.0;0.0599838330012333;166.0;0.0327950509149222;3.5;0.6490430674539514;0.0;0.348863075347693
ПРОБА 139;2400.0;6.882304037423212;8.0;0.1822442711846873;166.0;0.191716991710876;3.716112341477805;1.917696642797422;4.174810733847594;0.348863075347693
ПРОБА 140;2400.0;-0.0004151950036636;9.0;0.1846171670039967;166.0;0.191716991710876;3.6622884950812034;0.4574920796087149;4.895795940467306;0.7213886024946349
ПРОБА 141;2400.0;8.39877761702244;10.0;0.0599838330012333;166.0;0.0327950509149222;3.5;0.1635604470205021;0.0;0.348863075347693
ПРОБА 142;2400.0;-2.268464683855601;11.0;0.0599838330012333;166.0;0.0327950509149222;3.5;0.128034046501748;0.0;0.348863075347693
ПРОБА 143;2400.0;-2.9367826134959343e-30;12.0;0.0599838330012333;166.0;0.0327950509149222;3.51976673130974;0.128034046501748;1.0674253433668632;0.348863075347693
ПРОБА 144;2400.0;-2.9367826134959343e-30;13.0;0.0599838330012333;166.0;0.0327950509149222;3.5;0.128034046501748;1.4552360939181916;0.348863075347693
ПРОБА 145;2400.0;0.0076368081835894;14.0;0.0599838330012333;166.0;0.0327950509149222;3.5;0.128034046501748;0.0;0.8737912686688617
ПРОБА 146;2400.0;33.525978370457345;15.0;0.3157182458795237;166.0;0.191716991710876;3.833556076276479;0.128034046501748;6.71;1.0759444402501446
ПРОБА 147;2400.0;0.0;16.0;0.2530140143249096;166.0;0.191716991710876;3.77595896617914;1.3186285097518642;6.094387699164768;0.5759636699927515
ПРОБА 148;2400.0;0.0744161363842692;17.0;0.0599838330012333;166.0;0.0327950509149222;3.5;0.128034046501748;0.0;0.348863075347693
ПРОБА 149;2400.0;34.120961170571704;18.0;0.2689335623219891;166.0;0.191716991710876;3.823404780492434;0.5636483199762917;6.71;0.348863075347693
ПРОБА 150;2400.0;-1.727022779458696e-12;3.0;0.0599838330012333;169.0;0.0327950509149222;3.5;0.128034046501748;0.0;0.348863075347693
ПРОБА 151;2400.0;35.05732778237449;4.0;0.2563657761450689;169.0;0.191716991710876;3.808377756451144;0.2165797301651942;6.632981686020874;0.5543369352600036
ПРОБА 152;2400.0;37.57375986835212;5.0;0.1738707039255989;169.0;0.191716991710876;3.723670878531218;0.8127413449114508;4.499700561150056;0.4324504843104555
ПРОБА 153;2400.0;11.114058432636227;6.0;0.0599838330012333;169.0;0.0327950509149222;3.5;0.128034046501748;0.0;0.348863075347693
ПРОБА 154;2400.0;0.0;7.0;0.0599838330012333;169.0;0.0327950509149222;3.5;0.311922254620031;0.3763859151396723;0.348863075347693
ПРОБА 155;2400.0;0.0;8.0;0.0665894940472436;169.0;0.191716991710876;3.561854628209016;0.128034046501748;2.7783097890930546;0.348863075347693
ПРОБА 156;2400.0;1.1642223690113862;9.0;0.0599838330012333;169.0;0.0327950509149222;3.5;0.128034046501748;0.0;0.348863075347693
ПРОБА 157;2400.0;0.2852243208378863;10.0;0.4183870681214663;169.0;0.191716991710876;3.942732069779505;0.128034046501748;6.71;1.092897360197993
ПРОБА 158;2400.0;7.805048828669186e-07;11.0;0.0599838330012333;169.0;0.0327950509149222;3.5;0.128034046501748;0.2035561698794797;0.348863075347693
ПРОБА 159;2400.0;-1.7242870157978078e-19;12.0;0.0599838330012333;169.0;0.0327950509149222;3.5;0.128034046501748;0.9251655647459014;0.348863075347693
ПРОБА 160;2400.0;-1.7242870157978078e-19;13.0;0.0599838330012333;169.0;0.0327950509149222;3.519423453346947;0.128034046501748;1.555397728289985;0.348863075347693
ПРОБА 161;2400.0;-0.0014657024812155;14.0;0.1284031338597566;169.0;0.191716991710876;3.7017539877892793;0.128034046501748;3.887669628167453;0.4643329778963311
ПРОБА 162;2400.0;0.0;15.0;0.1038909287625855;169.0;0.191716991710876;3.6004155950493377;0.1553351282612728;3.4431328082759314;0.348863075347693
ПРОБА 163;2400.0;2.6660036622412884;16.0;0.9023683293766134;169.0;0.191716991710876;4.395790744159865;0.995763240652837;6.71;1.8109677601135676
ПРОБА 164;2400.0;0.0380655782395121;17.0;0.0599838330012333;169.0;0.0327950509149222;3.5;0.128034046501748;0.0;0.348863075347693
ПРОБА 165;2400.0;34.79528108167861;18.0;0.0599838330012333;169.0;0.0327950509149222;3.5;0.128034046501748;0.0;0.348863075347693
ПРОБА 166;2400.0;0.0;3.0;0.0599838330012333;172.0;0.0327950509149222;3.5;0.2242415311240617;0.0;0.4918200196905427
ПРОБА 167;2400.0;0.0;4.0;0.0599838330012333;172.0;0.0327950509149222;3.5;0.2203591879006673;0.1913279558726294;0.348863075347693
ПРОБА 168;2400.0;0.0582365801182873;5.0;0.106904994789842;172.0;0.191716991710876;3.652576274853068;0.128034046501748;3.400320933441559;0.348863075347693
ПРОБА 169;2400.0;-1.405095388683324e-18;6.0;0.3142509310475272;172.0;0.191716991710876;3.792557930856564;0.4753970617710681;6.71;0.736821886927612
ПРОБА 170;2400.0;-1.405095388683324e-18;7.0;0.0599838330012333;172.0;0.0327950509149222;3.5;0.4127597749664963;0.0;0.348863075347693
ПРОБА 171;2400.0;1.3817305037370515;8.0;0.0599838330012333;172.0;0.0327950509149222;3.5;0.3028022135054409;0.0;0.4484415968906136
ПРОБА 172;2400.0;-11.269356795186209;9.0;0.0599838330012333;172.0;0.0327950509149222;3.5;0.128034046501748;0.0;0.348863075347693
ПРОБА 173;2400.0;0.0;10.0;0.0599838330012333;172.0;0.0327950509149222;3.5;0.128034046501748;0.0;0.348863075347693
ПРОБА 174;2400.0;0.0;11.0;0.0599838330012333;172.0;0.0327950509149222;3.5;0.128034046501748;0.0;0.348863075347693
ПРОБА 175;2400.0;0.0;12.0;0.1011584707672551;172.0;0.191716991710876;3.662994788017509;0.441261678059644;3.828709300575472;0.348863075347693
ПРОБА 176;2400.0;0.0;13.0;0.107332758790827;172.0;0.191716991710876;3.694303001989564;0.2895163672885025;3.968211256959613;0.8621013480362192
ПРОБА 177;2400.0;0.0;14.0;0.0599838330012333;172.0;0.0327950509149222;3.5051276515435803;0.4197363901408846;1.1879392803248914;0.5397299726388972
ПРОБА 178;2400.0;0.0;15.0;0.0599838330012333;172.0;0.0327950509149222;3.5;0.128034046501748;0.0;0.7585567258562564
ПРОБА 179;2400.0;0.0;16.0;0.0599838330012333;172.0;0.0327950509149222;3.5;0.128034046501748;0.0;0.5550969855127417
ПРОБА 180;2400.0;0.0;17.0;0.092564897165798;172.0;0.191716991710876;3.585255855233296;0.2110461071318665;3.376974735625938;0.348863075347693
ПРОБА 181;2400.0;0.0;18.0;0.1206611734315053;172.0;0.191716991710876;3.678514012366157;0.6442842715253632;4.32742970499897;0.4372370965059879
ПРОБА 182;2400.0;-0.0225490770228538;3.0;0.0599838330012333;175.0;0.0327950509149222;3.5;0.350826310634433;0.0;0.348863075347693
ПРОБА 183;2400.0;0.0;4.0;0.0599838330012333;175.0;0.0327950509149222;3.537730831264066;0.128034046501748;1.190775076610601;0.348863075347693
ПРОБА 184;2400.0;0.0;5.0;0.0599838330012333;175.0;0.0327950509149222;3.5;0.128034046501748;0.0;0.348863075347693
ПРОБА 185;2400.0;0.0;6.0;0.0599838330012333;175.0;0.0327950509149222;3.5;0.7893663487518398;0.0;0.348863075347693
ПРОБА 186;2400.0;38.647641262167845;7.0;0.2983696429353479;175.0;0.191716991710876;3.8083473018932903;0.515448418411036;6.71;0.348863075347693
ПРОБА 187;2400.0;0.0;8.0;0.0599838330012333;175.0;0.0327950509149222;3.5;0.128034046501748;0.0;0.348863075347693
ПРОБА 188;2400.0;0.0;9.0;0.0599838330012333;175.0;0.0327950509149222;3.5;0.128034046501748;0.0;0.348863075347693
ПРОБА 189;2400.0;0.0;10.0;0.0950640710504364;175.0;0.191716991710876;3.62679649434306;0.6135434932327402;3.080383876457378;0.74073626139246
ПРОБА 190;2400.0;0.0259338929783433;11.0;0.0599838330012333;175.0;0.0327950509149222;3.5;0.128034046501748;0.0;0.348863075347693
ПРОБА 191;2400.0;-2.8276460597594636e-17;12.0;0.1081167978066403;175.0;0.191716991710876;3.664562542549501;0.128034046501748;3.254029769640086;1.5943398461820888
ПРОБА 192;2400.0;7.6551852622323;13.0;0.0599838330012333;175.0;0.0327950509149222;3.524826135616034;0.8992958758537666;1.8461210282395597;0.348863075347693
ПРОБА 193;2400.0;0.0;14.0;0.0599838330012333;175.0;0.0327950509149222;3.558594696534945;0.128034046501748;1.5725094729180285;0.348863075347693
ПРОБА 194;2400.0;0.0;15.0;0.0599838330012333;175.0;0.0327950509149222;3.5;0.128034046501748;0.0;0.348863075347693
ПРОБА 195;2400.0;0.0;16.0;0.0599838330012333;175.0;0.0327950509149222;3.5272991931735387;0.128034046501748;0.0;0.9398631865525392
ПРОБА 196;2400.0;0.0;17.0;0.2888591961938091;175.0;0.191716991710876;3.8115135345465943;0.5817606471335572;6.71;1.0489583514615304
ПРОБА 197;2400.0;0.0;18.0;0.1375282718644098;175.0;0.191716991710876;3.6567697293902377;0.4908177590796169;4.5290212439201145;0.5479245518091234
ПРОБА 198;2400.0;0.0;3.0;0.5871170841206755;178.0;0.191716991710876;4.139139857625107;1.1851096303403277;6.71;0.348863075347693
ПРОБА 199;2400.0;0.0;4.0;0.0599838330012333;178.0;0.0327950509149222;3.5577160380076487;0.1866183535944476;1.664863414533489;0.3809495916156556
ПРОБА 200;2400.0;0.0131216206789983;5.0;0.0599838330012333;178.0;0.0327950509149222;3.5;0.128034046501748;0.0;0.348863075347693
ПРОБА 201;2400.0;0.0;6.0;0.1073245205117363;178.0;0.191716991710876;3.62890615286458;0.128034046501748;4.051388420995916;1.012190489113758
ПРОБА 202;2400.0;0.0;7.0;0.0599838330012333;178.0;0.0327950509149222;3.5;0.128034046501748;0.0921377950724077;0.564211798369837
ПРОБА 203;2400.0;0.0029847181564741;8.0;0.0599838330012333;178.0;0.0327950509149222;3.5;0.128034046501748;0.0;0.348863075347693
ПРОБА 204;2400.0;-1.3786539674627366e-19;9.0;0.0599838330012333;178.0;0.0327950509149222;3.5;0.128034046501748;0.0;0.348863075347693
ПРОБА 205;2400.0;-1.3786539674627366e-19;10.0;0.1184780341477603;178.0;0.191716991710876;3.6570567454077114;0.6387996262648776;4.398181531649367;0.348863075347693
ПРОБА 206;2400.0;34.50561122584365;11.0;0.3092762751350625;178.0;0.191716991710876;3.876121948339676;0.7087324612108001;6.71;0.897022933132036
ПРОБА 207;2400.0;3.907632688813464;12.0;0.2338467136463552;178.0;0.191716991710876;3.762978986239293;0.336815036591241;6.150184514977831;1.0455825789747124
ПРОБА 208;2400.0;0.0;13.0;0.1256635673564085;178.0;0.191716991710876;3.62419477498638;0.128034046501748;4.072951872526635;0.8933153269491239
ПРОБА 209;2400.0;0.0;14.0;0.0599838330012333;178.0;0.0327950509149222;3.5;0.128034046501748;0.0;0.348863075347693
ПРОБА 210;2400.0;0.0;15.0;0.162852301229502;178.0;0.191716991710876;3.668437715860685;0.2162243068412109;4.745068469635486;0.5812573470866197
ПРОБА 211;2400.0;0.0;16.0;0.0599838330012333;178.0;0.0327950509149222;3.501012523437564;0.1791899334398304;1.3256952536212838;0.7174657138959983
ПРОБА 212;2400.0;34.019578127711675;17.0;0.3101057350198999;178.0;0.191716991710876;3.841836881098819;1.6663102450407974;6.71;0.348863075347693
ПРОБА 213;2400.0;0.0;18.0;0.255181264815975;178.0;0.191716991710876;3.7571238635096;0.128034046501748;6.481094114139951;0.5371766582447277
ПРОБА 214;2400.0;0.0;3.0;0.0599838330012333;181.0;0.0327950509149222;3.5;0.128034046501748;0.0;0.348863075347693
ПРОБА 215;2400.0;0.6273584009182712;4.0;0.55577575364787;181.0;0.191716991710876;4.072065774258566;1.2477129448051616;6.71;0.7179152190559899
ПРОБА 216;2400.0;0.0;5.0;0.1208415898591733;181.0;0.191716991710876;3.6482881750373775;0.2494732165548585;4.5736809458220415;0.348863075347693
ПРОБА 217;2400.0;-26.76532516760564;6.0;0.0804056881245573;181.0;0.191716991710876;3.641197352848184;1.5059789534060466;3.0858589227461155;0.348863075347693
ПРОБА 218;2400.0;0.0;7.0;0.0599838330012333;181.0;0.0327950509149222;3.5;0.128034046501748;0.3266166123860751;0.348863075347693
ПРОБА 219;2400.0;0.0;8.0;0.0599838330012333;181.0;0.0327950509149222;3.5;0.1778008329079015;0.0;0.348863075347693
ПРОБА 220;2400.0;0.0;9.0;0.508010836250327;181.0;0.191716991710876;4.032973631422766;0.128034046501748;6.71;0.559888708762717
ПРОБА 221;2400.0;0.0;10.0;0.1402321415263083;181.0;0.191716991710876;3.6610612482544345;0.128034046501748;4.380822058658579;0.348863075347693
ПРОБА 222;2400.0;0.0;11.0;0.0599838330012333;181.0;0.0327950509149222;3.5;0.128034046501748;0.0;0.348863075347693
ПРОБА 223;2400.0;0.0;12.0;0.1438722304349823;181.0;0.191716991710876;3.693580833539276;0.7062052446229165;4.390209634534546;0.6207359568195333
ПРОБА 224;2400.0;0.0004119211242472;13.0;1.067043148064597;181.0;0.191716991710876;4.581450951964302;1.3231274899908472;6.71;1.2290327497223237
ПРОБА 225;2400.0;0.0;14.0;0.0858068628623311;181.0;0.191716991710876;3.615126882055968;0.8820907365576777;2.620568274918688;0.348863075347693
ПРОБА 226;2400.0;0.0201571922250431;15.0;0.067592333153226;181.0;0.191716991710876;3.55302008103206;0.128034046501748;2.372925151600343;0.3962448389006742
ПРОБА 227;2400.0;0.0;16.0;0.1112485186237851;181.0;0.191716991710876;3.641994860757559;0.128034046501748;2.935091372398528;0.348863075347693
ПРОБА 228;2400.0;35.95347358454611;17.0;0.2424822036492289;181.0;0.191716991710876;3.79524862831435;1.8874488200696544;6.359275042891656;0.7326702771964315
ПРОБА 229;2400.0;32.596837400999966;18.0;0.3671598811716146;181.0;0.191716991710876;3.895554668022104;0.6656478453831659;6.71;0.6563718931821184
ПРОБА 230;2400.0;0.0;3.0;0.0599838330012333;184.0;0.0327950509149222;3.5;0.128034046501748;0.0;0.348863075347693
ПРОБА 231;2400.0;0.0;4.0;0.1139561244121726;184.0;0.191716991710876;3.6248580539083743;0.128034046501748;2.9644519871634207;0.8074960126850814
ПРОБА 232;2400.0;0.0;5.0;0.0599838330012333;184.0;0.0327950509149222;3.5322329025153407;0.128034046501748;1.2660733813492917;0.348863075347693
ПРОБА 233;2400.0;14.213590269207302;6.0;0.0599838330012333;184.0;0.0327950509149222;3.5;0.3177911349108501;0.0;0.348863075347693
ПРОБА 234;2400.0;35.725205259825835;7.0;0.3006674695815015;184.0;0.191716991710876;3.833550237570964;0.1565738814226153;6.71;0.706122262572849
ПРОБА 235;2400.0;0.0;8.0;0.4149171922322302;184.0;0.191716991710876;3.945869599005515;0.5561668104280826;6.71;0.6998367198006222
ПРОБА 236;2400.0;36.229648224034015;9.0;0.2223636841819179;184.0;0.191716991710876;3.758636209323926;0.2521166147037437;5.781321655315487;0.5822304707118177
ПРОБА 237;2400.0;34.22997864957726;10.0;0.3286578091218667;184.0;0.191716991710876;3.882885215884027;0.822031792858535;6.71;0.420529498272383
ПРОБА 238;2400.0;0.0;11.0;0.142743991267949;184.0;0.191716991710876;3.711532011763611;0.128034046501748;4.496480424238752;0.7131347086509543
ПРОБА 239;2400.0;0.0;12.0;0.0599838330012333;184.0;0.0327950509149222;3.5;0.128034046501748;0.0;0.348863075347693
ПРОБА 240;2400.0;0.0;13.0;0.0599838330012333;184.0;0.0327950509149222;3.5;0.128034046501748;0.0;0.348863075347693
ПРОБА 241;2400.0;-0.3135107548585518;14.0;0.518470357552087;184.0;0.191716991710876;4.02357609459915;0.9246586771864168;6.71;0.6845575758734447
ПРОБА 242;2400.0;-3.163833332906564e-15;15.0;0.0599838330012333;184.0;0.0327950509149222;3.5;0.1928409045197552;0.3659919331890908;0.348863075347693
ПРОБА 243;2400.0;34.22885188543916;16.0;0.3193613065880275;184.0;0.191716991710876;3.831221721054657;0.128034046501748;6.71;0.9298421908419592
ПРОБА 244;2400.0;-7.20161243179645e-13;17.0;0.0599838330012333;184.0;0.0327950509149222;3.5;0.3234490099273393;0.0;0.6664517753973964
ПРОБА 245;2400.0;32.43263135918382;18.0;0.3044536911405309;184.0;0.191716991710876;3.887190166905409;0.128034046501748;6.71;0.859933116146022
ПРОБА 246;2400.0;-5.774422929946571e-17;3.0;0.0599838330012333;187.0;0.0327950509149222;3.55546781531552;0.128034046501748;2.071890804433656;0.348863075347693
ПРОБА 247;2400.0;-5.774422929946571e-17;4.0;0.0599838330012333;187.0;0.0327950509149222;3.5;0.128034046501748;1.845529721728168;0.5891346462157196
ПРОБА 248;2400.0;0.019352002687562;5.0;1.0943110098187316;187.0;0.191716991710876;4.617547550876802;1.923415564108028;6.71;1.749564827663276
ПРОБА 249;2400.0;1.5553609561902917;6.0;0.0599838330012333;187.0;0.0327950509149222;3.5;0.2006785870206509;0.0;0.7121245101127627
ПРОБА 250;2400.0;34.65112949621011;7.0;0.2459504757503663;187.0;0.191716991710876;3.796111840468233;0.6686965886515258;6.233750257450516;0.348863075347693
ПРОБА 251;2400.0;-3.360716397559764e-07;8.0;0.0599838330012333;187.0;0.0327950509149222;3.5;0.510057971794051;0.0;0.348863075347693
ПРОБА 252;2400.0;13.982358682378548;9.0;0.0599838330012333;187.0;0.0327950509149222;3.5;1.0150865882412723;0.0;0.348863075347693
ПРОБА 253;2400.0;35.58004142142044;10.0;0.3146167904308779;187.0;0.191716991710876;3.8542090927690382;0.128034046501748;6.71;0.6207771683092419
ПРОБА 254;2400.0;0.0;11.0;0.0599838330012333;187.0;0.0327950509149222;3.5;0.128034046501748;0.0;0.348863075347693
ПРОБА 255;2400.0;33.11766166714415;12.0;0.2982222357412895;187.0;0.191716991710876;3.86266091113484;0.128034046501748;6.71;0.7697859045214236
ПРОБА 256;2400.0;3.05424341063788;13.0;0.0599838330012333;187.0;0.0327950509149222;3.5;0.128034046501748;0.0;0.348863075347693
ПРОБА 257;2400.0;0.0;14.0;0.0599838330012333;187.0;0.0327950509149222;3.5;0.128034046501748;0.0;0.348863075347693
ПРОБА 258;2400.0;0.0;15.0;0.1301233627778042;187.0;0.191716991710876;3.6840527472790185;0.128034046501748;3.8382627225481754;0.5089442321498984
ПРОБА 259;2400.0;34.33929657471331;16.0;0.280517548513999;187.0;0.191716991710876;3.805590047133188;0.128034046501748;6.71;0.4577676226490765
ПРОБА 260;2400.0;5.469599641010825e-05;17.0;0.0599838330012333;187.0;0.0327950509149222;3.5;0.128034046501748;0.0;0.6678126239777185
ПРОБА 261;2400.0;35.230460837486824;18.0;0.2604499939451118;187.0;0.191716991710876;3.828536191748343;0.3499100854894664;6.63461657901512;0.348863075347693
ПРОБА 262;2400.0;-8.81272707420411e-05;3.0;0.0599838330012333;190.0;0.0327950509149222;3.5;0.128034046501748;0.0;0.348863075347693
ПРОБА 263;2400.0;-2.760377188614488e-10;4.0;0.0599838330012333;190.0;0.0327950509149222;3.5;0.128034046501748;0.0;0.348863075347693
ПРОБА 264;2400.0;32.238944249359804;5.0;0.0599838330012333;190.0;0.0327950509149222;3.5;0.128034046501748;0.0;0.348863075347693
ПРОБА 265;2400.0;-2.837537660386743e-34;6.0;0.0599838330012333;190.0;0.0327950509149222;3.5;0.128034046501748;0.0;0.348863075347693
ПРОБА 266;2400.0;-2.837537660386743e-34;7.0;0.0599838330012333;190.0;0.0327950509149222;3.5339855129066624;1.304567475545026;2.1368114413051056;0.348863075347693
ПРОБА 267;2400.0;-2.837537660386743e-34;8.0;0.3426347495142991;190.0;0.191716991710876;3.914765563147452;0.5494207920460287;6.71;0.348863075347693
ПРОБА 268;2400.0;-2.837537660386743e-34;9.0;0.0599838330012333;190.0;0.0327950509149222;3.5;0.128034046501748;0.0;0.348863075347693
ПРОБА 269;2400.0;-2.837537660386743e-34;10.0;0.0599838330012333;190.0;0.0327950509149222;3.5;0.128034046501748;0.0;0.348863075347693
ПРОБА 270;2400.0;-2.837537660386743e-34;11.0;0.0599838330012333;190.0;0.0327950509149222;3.5;0.128034046501748;0.0;0.348863075347693
ПРОБА 271;2400.0;1.003656023327141;12.0;0.0599838330012333;190.0;0.0327950509149222;3.5;0.128034046501748;0.0;0.348863075347693
ПРОБА 272;2400.0;16.48176366310128;13.0;0.5372942364315202;190.0;0.191716991710876;4.060960532680177;0.5283147931546919;6.71;0.5487396240396405
ПРОБА 273;2400.0;33.297389343991824;14.0;0.3795068468955097;190.0;0.191716991710876;3.868060643055934;0.1721731605526019;6.71;0.7644285572489842
ПРОБА 274;2400.0;0.0;15.0;0.0599838330012333;190.0;0.0327950509149222;3.5;1.1140950309856084;0.0;0.348863075347693
ПРОБА 275;2400.0;34.78347515730481;16.0;0.2633439721057656;190.0;0.191716991710876;3.812166806286294;0.6488902162482462;6.71;0.8341513676511705
ПРОБА 276;2400.0;33.417174609545384;17.0;0.3291572153802367;190.0;0.191716991710876;3.864349056066328;0.8229175649478648;6.71;0.8214228238940227
ПРОБА 277;2400.0;33.86575968476295;18.0;0.3108322676251439;190.0;0.191716991710876;3.841083320910337;0.128034046501748;6.71;0.348863075347693
ПРОБА 278;2400.0;2.288786510585211;3.0;0.0599838330012333;193.0;0.0327950509149222;3.5;0.128034046501748;0.0;0.348863075347693
ПРОБА 279;2400.0;0.0;4.0;0.0599838330012333;193.0;0.0327950509149222;3.5;0.128034046501748;0.0;0.6609015992247597
ПРОБА 280;2400.0;0.0082891958335955;5.0;0.0779529837647517;193.0;0.191716991710876;3.635642818936562;0.2415316772206302;2.8620199940242244;0.5281483426661794
ПРОБА 281;2400.0;-0.0001966033173574;6.0;0.077537347281781;193.0;0.191716991710876;3.63090029120463;0.128034046501748;3.080529292549239;0.348863075347693
ПРОБА 282;2400.0;0.00168395095171;7.0;0.0599838330012333;193.0;0.0327950509149222;3.5;0.128034046501748;0.0;0.4011457036685031
ПРОБА 283;2400.0;0.0;8.0;0.0599838330012333;193.0;0.0327950509149222;3.5;0.128034046501748;0.1860467110826083;0.348863075347693
ПРОБА 284;2400.0;0.0;9.0;0.0599838330012333;193.0;0.0327950509149222;3.5;0.128034046501748;0.3121262578875027;0.8081519110122385
ПРОБА 285;2400.0;0.0;10.0;0.3667470487874703;193.0;0.191716991710876;3.9188555398007545;0.128034046501748;6.71;1.0809493891132271
ПРОБА 286;2400.0;0.0;11.0;0.0599838330012333;193.0;0.0327950509149222;3.5;0.128034046501748;0.0;0.348863075347693
ПРОБА 287;2400.0;-5.717463193769079;12.0;0.0599838330012333;193.0;0.0327950509149222;3.5;0.128034046501748;0.0;0.348863075347693
ПРОБА 288;2400.0;0.0;13.0;0.0599838330012333;193.0;0.0327950509149222;3.5;0.128034046501748;0.2692745313269099;0.348863075347693
ПРОБА 289;2400.0;33.93046876799499;14.0;0.3264418608410588;193.0;0.191716991710876;3.8681180856527937;0.7386634005585169;6.71;0.8940743488826507
ПРОБА 290;2400.0;28.81394130322976;15.0;0.4254530642137998;193.0;0.191716991710876;3.980886637529989;1.1329267407541634;6.71;0.5662513533166086
ПРОБА 291;2400.0;34.10846367020866;16.0;0.3297838156793102;193.0;0.191716991710876;3.882399856791283;0.2337951761088424;6.71;0.7262921638440751
ПРОБА 292;2400.0;33.565915871747016;17.0;0.3166079066038875;193.0;0.191716991710876;3.84729001561572;0.128034046501748;6.71;0.978542206618595
ПРОБА 293;2400.0;33.721376262869136;18.0;0.3324557505976586;193.0;0.191716991710876;3.8805946433690695;0.6497751895116723;6.71;0.3775187101691412
ПРОБА 294;2400.0;29.00510994748599;3.0;0.4807755489004217;196.0;0.191716991710876;4.0102706094182565;0.9009878136018992;6.71;0.5046472598273708
ПРОБА 295;2400.0;-1.3449022728770005e-07;4.0;0.0599838330012333;196.0;0.0327950509149222;3.5;0.128034046501748;0.0;0.348863075347693
ПРОБА 296;2400.0;-1.3449022728770005e-07;5.0;0.0599838330012333;196.0;0.0327950509149222;3.54688885149543;0.5489202260039338;1.571372761490875;0.348863075347693
ПРОБА 297;2400.0;-0.0189145323913452;6.0;0.6334056954265632;196.0;0.191716991710876;4.219051797881746;1.274128244827308;6.71;0.348863075347693
ПРОБА 298;2400.0;32.52100636648202;7.0;0.4005404604364839;196.0;0.191716991710876;3.8911614006331385;1.2206839179687017;6.71;0.9970175595983608
ПРОБА 299;2400.0;0.0;8.0;0.0599838330012333;196.0;0.0327950509149222;3.5;0.9491176000729792;0.0;0.8984166314248366
ПРОБА 300;2400.0;0.0;9.0;0.0599838330012333;196.0;0.0327950509149222;3.5;0.128034046501748;0.0;0.6479408607963765
ПРОБА 301;2400.0;0.0;10.0;0.0599838330012333;196.0;0.0327950509149222;3.575178117703848;0.128034046501748;2.3139053156644103;0.348863075347693
ПРОБА 302;2400.0;0.0;11.0;0.0599838330012333;196.0;0.0327950509149222;3.5;0.128034046501748;0.0;0.4757896602469779
ПРОБА 303;2400.0;0.0160482064669469;12.0;0.0599838330012333;196.0;0.0327950509149222;3.5;0.128034046501748;0.0;0.6969795000751438
ПРОБА 304;2400.0;28.26534005407035;13.0;0.4109641072955408;196.0;0.191716991710876;3.955366167851532;0.128034046501748;6.71;0.5065449392328629
ПРОБА 305;2400.0;-3.467887428754518e-06;14.0;0.0599838330012333;196.0;0.0327950509149222;3.5;0.128034046501748;0.0;0.348863075347693
ПРОБА 306;2400.0;0.0;15.0;0.6166818601454916;196.0;0.191716991710876;4.101466237866457;0.7403265631341875;6.71;0.348863075347693
ПРОБА 307;2400.0;-0.0024636926659018;16.0;0.2047728471245347;196.0;0.191716991710876;3.7601662048033546;0.128034046501748;5.7155189866923015;0.6066379421102748
ПРОБА 308;2400.0;33.92943915444953;17.0;0.2871706196264482;196.0;0.191716991710876;3.855968334024128;0.4040349107489513;6.680330201293947;0.348863075347693
ПРОБА 309;2400.0;-7.99795597852893;18.0;0.0599838330012333;196.0;0.0327950509149222;3.5574179490937703;0.128034046501748;0.9649508150424344;0.3594825336098724
ПРОБА 310;2400.0;1.2841126086522747e-24;3.0;1.4298725286744636;199.0;0.191716991710876;4.966020891576313;0.8487188591883438;6.71;1.0503082616403956
ПРОБА 311;2400.0;0.3220076336052667;4.0;0.0599838330012333;199.0;0.0327950509149222;3.5;0.128034046501748;0.0;0.348863075347693
ПРОБА 312;2400.0;0.0;5.0;0.0599838330012333;199.0;0.0327950509149222;3.5;0.128034046501748;0.0;0.5702466690316774
ПРОБА 313;2400.0;0.4368639596962579;6.0;0.4201557697467738;199.0;0.191716991710876;3.994268496027016;0.8240854614618771;6.71;0.3754547607520264
ПРОБА 314;2400.0;0.0;7.0;0.4511385199863972;199.0;0.191716991710876;4.009353682320271;1.7900997852390337;6.71;0.348863075347693
ПРОБА 315;2400.0;0.0463994875912776;8.0;0.0599838330012333;199.0;0.0327950509149222;3.5026078450785865;0.2207250704411609;1.5663167927719823;0.348863075347693
ПРОБА 316;2400.0;15.69789755843432;9.0;0.5305555344010641;199.0;0.191716991710876;4.067301163151049;0.878565544849581;6.71;0.7037137684570007
ПРОБА 317;2400.0;34.75859806158952;10.0;0.337240993812836;199.0;0.191716991710876;3.890926614606814;0.128034046501748;6.71;0.3880272856575267
ПРОБА 318;2400.0;33.22631631469138;11.0;0.3052963427223709;199.0;0.191716991710876;3.8086568614996295;0.128034046501748;6.71;0.348863075347693
ПРОБА 319;2400.0;34.18452322343341;12.0;0.3054434356377489;199.0;0.191716991710876;3.845996243295866;1.2912038178202736;6.71;0.7804472161459255
ПРОБА 320;2400.0;0.0;13.0;0.0599838330012333;199.0;0.0327950509149222;3.56313388974248;0.128034046501748;0.6633724107802197;0.348863075347693
ПРОБА 321;2400.0;0.0002923518940912;14.0;0.0599838330012333;199.0;0.0327950509149222;3.5;0.128034046501748;0.0;0.348863075347693
ПРОБА 322;2400.0;-4.75414228426041e-11;15.0;0.0599838330012333;199.0;0.0327950509149222;3.5;0.128034046501748;0.0;0.348863075347693
ПРОБА 323;2400.0;-0.0086125365186882;16.0;0.0599838330012333;199.0;0.0327950509149222;3.5;0.128034046501748;0.0;0.348863075347693
ПРОБА 324;2400.0;34.35057411300279;17.0;0.3027456532353541;199.0;0.191716991710876;3.8292672259454488;0.128034046501748;6.71;0.8405376704318875
ПРОБА 325;2400.0;-8.74898468687614e-17;18.0;0.1373381712602755;199.0;0.191716991710876;3.677290427049999;0.128034046501748;4.205035689966244;0.3670296255554681
ПРОБА 326;2400.0;-8.74898468687614e-17;3.0;0.2485026501053108;202.0;0.191716991710876;3.7682676633865393;1.0388337350236143;6.71;0.8046419680792097
ПРОБА 327;2400.0;-8.74898468687614e-17;4.0;2.0304633722761745;202.0;0.191716991710876;5.545941233646426;1.6325125558100857;6.71;1.8322438513152333
ПРОБА 328;2400.0;-8.74898468687614e-17;5.0;0.0599838330012333;202.0;0.0327950509149222;3.5;0.128034046501748;0.0;0.348863075347693
ПРОБА 329;2400.0;1.1655019140466345;6.0;0.1647410837614436;202.0;0.191716991710876;3.730703445809232;0.7801344333529491;4.657805208503858;0.5135131698435318
ПРОБА 330;2400.0;-1.5328584129584752e-72;7.0;0.0599838330012333;202.0;0.0327950509149222;3.5283223059920417;0.3731144293922261;1.960706794469728;0.348863075347693
ПРОБА 331;2400.0;-1.5328584129584752e-72;8.0;0.0599838330012333;202.0;0.0327950509149222;3.610398668453155;0.128034046501748;2.519981787224666;0.5251544983756045
ПРОБА 332;2400.0;3.5053731909626578;9.0;0.0599838330012333;202.0;0.0327950509149222;3.5;0.128034046501748;0.0;0.348863075347693
ПРОБА 333;2400.0;-2.8693154555196387e-06;10.0;0.0599838330012333;202.0;0.0327950509149222;3.5030795887106394;0.128034046501748;0.263304510968148;0.4647672833205631
ПРОБА 334;2400.0;-11.321520617722603;11.0;0.0599838330012333;202.0;0.0327950509149222;3.541683717178743;0.128034046501748;1.409582018807767;0.5182110942427192
ПРОБА 335;2400.0;0.0002210491812999;12.0;0.0599838330012333;202.0;0.0327950509149222;3.5;0.5378046388751305;0.0;0.348863075347693
ПРОБА 336;2400.0;36.06718218983639;13.0;0.2422261653079553;202.0;0.191716991710876;3.7804663893018073;0.128034046501748;5.618129268066032;1.0366113870443658
ПРОБА 337;2400.0;0.0;14.0;0.0599838330012333;202.0;0.0327950509149222;3.5;0.128034046501748;0.0;0.348863075347693
ПРОБА 338;2400.0;0.0;15.0;0.0599838330012333;202.0;0.0327950509149222;3.5813511972119163;0.5008597671730853;2.6663327257503626;0.348863075347693
ПРОБА 339;2400.0;-0.0003536554395685;16.0;0.0599838330012333;202.0;0.0327950509149222;3.5;0.128034046501748;0.0;0.4982480501350474
ПРОБА 340;2400.0;0.0;17.0;0.0599838330012333;202.0;0.0327950509149222;3.5;0.128034046501748;0.0;0.348863075347693
ПРОБА 341;2400.0;34.143850437678964;18.0;0.2761465485232403;202.0;0.191716991710876;3.874290031195714;0.128034046501748;6.71;0.348863075347693
ПРОБА 342;2400.0;-27.876806320036568;3.0;0.0599838330012333;205.0;0.0327950509149222;3.5;0.128034046501748;0.0;0.348863075347693
ПРОБА 343;2400.0;0.0;4.0;0.0599838330012333;205.0;0.0327950509149222;3.5;0.128034046501748;0.0;0.5183378088340473
ПРОБА 344;2400.0;2.321966345483025;5.0;0.8070112608569082;205.0;0.191716991710876;4.304645575150802;1.510208508347068;6.71;0.348863075347693
ПРОБА 345;2400.0;0.0;6.0;0.0599838330012333;205.0;0.0327950509149222;3.5;0.2161062525124476;0.0;0.5936889990861671
ПРОБА 346;2400.0;8.597272111823118;7.0;0.0599838330012333;205.0;0.0327950509149222;3.5;0.128034046501748;0.0;0.348863075347693
ПРОБА 347;2400.0;-0.0572426424449701;8.0;0.0599838330012333;205.0;0.0327950509149222;3.5;0.128034046501748;0.0;0.348863075347693
ПРОБА 348;2400.0;26.99647716342835;9.0;0.4046831639443811;205.0;0.191716991710876;3.893704502777991;0.5545700177526033;6.71;0.4480194519711322
ПРОБА 349;2400.0;0.0422908877668571;10.0;0.0599838330012333;205.0;0.0327950509149222;3.5;0.128034046501748;0.0;0.348863075347693
ПРОБА 350;2400.0;28.91065590790103;11.0;0.1407210097229354;205.0;0.191716991710876;3.66188000623692;0.4871048428758507;4.239003264463042;0.7962034370854849
ПРОБА 351;2400.0;0.0;12.0;0.2515337995870396;205.0;0.191716991710876;3.818957627482527;0.7780228226834724;6.232739462286213;0.8485592049626436
ПРОБА 352;2400.0;0.0;13.0;0.0599838330012333;205.0;0.0327950509149222;3.548740522404051;0.4391007530278145;1.9371461623027104;0.348863075347693
ПРОБА 353;2400.0;0.0;14.0;0.0599838330012333;205.0;0.0327950509149222;3.5;0.128034046501748;0.0;0.348863075347693
ПРОБА 354;2400.0;0.0971777192496686;15.0;0.0599838330012333;205.0;0.0327950509149222;3.5;0.128034046501748;0.0;0.348863075347693
ПРОБА 355;2400.0;24.78810688307286;16.0;0.387885886635464;205.0;0.191716991710876;3.888689785247743;0.1781544537001929;6.71;1.212633937553058
ПРОБА 356;2400.0;0.0854892715735201;17.0;0.0599838330012333;205.0;0.0327950509149222;3.5;0.128034046501748;0.0;0.348863075347693
ПРОБА 357;2400.0;29.44506207567504;18.0;0.2587845144387245;205.0;0.191716991710876;3.787535577032114;0.128034046501748;6.281492138898782;1.2258122127197713
ПРОБА 358;2400.0;0.0652879444182098;3.0;1.103202426422517;208.0;0.191716991710876;4.663070754841741;1.5442516464664071;6.71;1.382805733814747
ПРОБА 359;2400.0;0.1163921359582025;4.0;0.8344961442571759;208.0;0.191716991710876;4.35094080326633;1.4468776296040062;6.71;0.645836095438826
ПРОБА 360;2400.0;0.0542620043876667;5.0;0.8560772826542363;208.0;0.191716991710876;4.354405353463143;1.0026131735349726;6.71;0.8628087762867458
ПРОБА 361;2400.0;35.06439937775924;6.0;0.3206916218814701;208.0;0.191716991710876;3.864429541999878;0.128034046501748;6.71;0.348863075347693
ПРОБА 362;2400.0;-6.705096568072714e-13;7.0;0.0599838330012333;208.0;0.0327950509149222;3.5;0.128034046501748;0.0;0.348863075347693
ПРОБА 363;2400.0;-224.4556653975773;8.0;0.0599838330012333;208.0;0.0327950509149222;3.5;1.0970226890553294;0.5133020286230945;0.348863075347693
ПРОБА 364;2400.0;13.13190963431899;9.0;0.6687320891291662;208.0;0.191716991710876;4.160208353475562;0.4201276622139426;6.71;0.4400960222356944
ПРОБА 365;2400.0;-0.0056857984736441;10.0;0.0599838330012333;208.0;0.0327950509149222;3.5683733222077287;0.128034046501748;2.5591819809167937;0.348863075347693
ПРОБА 366;2400.0;0.0009318979915755;11.0;0.0599838330012333;208.0;0.0327950509149222;3.5;0.6965173555236575;0.0;0.348863075347693
ПРОБА 367;2400.0;34.54257131250233;12.0;0.3050325945699425;208.0;0.191716991710876;3.861311216611156;0.3794006340383718;6.71;0.348863075347693
ПРОБА 368;2400.0;0.0;13.0;0.5322202096368079;208.0;0.191716991710876;4.047459979063642;1.244321994192949;6.71;0.5021053526772179
ПРОБА 369;2400.0;29.96994663076404;14.0;0.3553653378742438;208.0;0.191716991710876;3.931555255576389;0.5855822715586477;6.71;0.348863075347693
ПРОБА 370;2400.0;1.0787818095893784e-06;15.0;0.0599838330012333;208.0;0.0327950509149222;3.5;0.1291766989988194;0.0;0.348863075347693
ПРОБА 371;2400.0;20.583834474915445;16.0;0.3776755345489896;208.0;0.191716991710876;3.8915717736013127;0.653352035723993;6.71;1.5098001568244777
ПРОБА 372;2400.0;0.0;17.0;0.0599838330012333;208.0;0.0327950509149222;3.534311534012867;0.4366671885498886;0.4951208214302249;0.348863075347693
ПРОБА 373;2400.0;33.42679636075327;18.0;0.3104870549211713;208.0;0.191716991710876;3.8495363329449264;1.706382389258377;6.71;0.7024041874205988
ПРОБА 374;2400.0;0.0;3.0;0.4131517456112762;211.0;0.191716991710876;3.933992350585633;1.0473147603714046;6.71;0.348863075347693
ПРОБА 375;2400.0;11.631509486619011;4.0;0.0599838330012333;211.0;0.0327950509149222;3.5;0.128034046501748;0.0;0.348863075347693
ПРОБА 376;2400.0;0.0321958105738407;5.0;0.4870618345502348;211.0;0.191716991710876;4.060124500407953;0.820654255199349;6.71;0.872192735732773
ПРОБА 377;2400.0;0.1236479973883101;6.0;0.0599838330012333;211.0;0.0327950509149222;3.5;0.5240813466601422;0.0;0.348863075347693
ПРОБА 378;2400.0;-6.9941527806343885e-34;7.0;0.1294993784697844;211.0;0.191716991710876;3.6354388914373335;0.8904639913577255;4.096467295858956;0.7941898155780891
ПРОБА 379;2400.0;-6.9941527806343885e-34;8.0;0.279821961036273;211.0;0.191716991710876;3.808605821434204;0.128034046501748;6.71;0.348863075347693
ПРОБА 380;2400.0;-6.9941527806343885e-34;9.0;0.3654298744320418;211.0;0.191716991710876;3.8979339173306378;1.1086299228531615;6.71;0.5286317108792131
ПРОБА 381;2400.0;-1.0848619853047037;10.0;0.0599838330012333;211.0;0.0327950509149222;3.5;0.2216443831201915;0.0;0.348863075347693
ПРОБА 382;2400.0;34.259001010642706;11.0;0.3012701674457255;211.0;0.191716991710876;3.842478917133655;1.8780754530146275;6.71;0.6675958369794087
ПРОБА 383;2400.0;-2.0895853708907897e-30;12.0;0.0599838330012333;211.0;0.0327950509149222;3.5254764821831204;0.128034046501748;1.6790515254014378;0.348863075347693
ПРОБА 384;2400.0;34.18232024364688;13.0;0.3427648272299497;211.0;0.191716991710876;3.901663678255357;0.128034046501748;6.71;0.5130962656772321
ПРОБА 385;2400.0;33.84146927518974;14.0;0.3768836229669641;211.0;0.191716991710876;3.941272633711828;0.2661379953312429;6.71;0.5657725097337895
ПРОБА 386;2400.0;28.41395850297521;15.0;0.4040005330060818;211.0;0.191716991710876;3.933148638516781;0.1883702122593291;6.71;0.3844520788659972
ПРОБА 387;2400.0;28.22373362579103;16.0;0.3857540584059921;211.0;0.191716991710876;3.923202889689523;0.128034046501748;6.71;0.8880353879522194
ПРОБА 388;2400.0;0.0;17.0;0.2763843168182198;211.0;0.191716991710876;3.8237690540398432;0.128034046501748;6.531801319507549;0.6625468880923118
ПРОБА 389;2400.0;31.380319382070827;18.0;0.4074130119560003;211.0;0.191716991710876;3.922484215605948;0.2163966402972693;6.71;0.6535199462888817
ПРОБА 390;2400.0;0.0;3.0;0.0599838330012333;214.0;0.0327950509149222;3.5;0.128034046501748;0.0;0.348863075347693
ПРОБА 391;2400.0;0.0;4.0;0.247473776547551;214.0;0.191716991710876;3.784514878418816;0.128034046501748;6.520142619127598;0.8781251240299198
ПРОБА 392;2400.0;4.021455747433975;5.0;0.6569294425590337;214.0;0.191716991710876;4.162279783041243;1.848573775943836;6.71;0.8404245349186417
ПРОБА 393;2400.0;-995.2999062426572;6.0;0.0599838330012333;214.0;0.0327950509149222;3.5;0.128034046501748;0.0;0.348863075347693
ПРОБА 394;2400.0;-0.3622326711555666;7.0;0.1232199092300713;214.0;0.191716991710876;3.685291521429853;0.9361966124726652;3.194384088007017;0.4482125485795417
ПРОБА 395;2400.0;0.0;8.0;0.4583810203806166;214.0;0.191716991710876;3.9904698665145215;0.6800245617941848;6.71;1.4668679582427857
ПРОБА 396;2400.0;21.333979959562875;9.0;0.4418607805501625;214.0;0.191716991710876;4.019512882541291;0.9945601232178998;6.71;0.348863075347693
ПРОБА 397;2400.0;-0.3257076769410783;10.0;0.2309766348453241;214.0;0.191716991710876;3.75351216340608;0.462247962793501;6.046776422353192;0.8462893610191891
ПРОБА 398;2400.0;33.10920320422981;11.0;0.3846804807671278;214.0;0.191716991710876;3.929162621654479;1.253855802127828;6.71;0.348863075347693
ПРОБА 399;2400.0;34.184241268150245;12.0;0.3132881413486126;214.0;0.191716991710876;3.9018730531848975;0.4088577450080462;6.71;0.6892158773476076
ПРОБА 400;2400.0;34.22571550359019;13.0;0.3322858230579149;214.0;0.191716991710876;3.8372491364889343;0.6859020114324796;6.71;1.2843503076022047
ПРОБА 401;2400.0;0.0664718014334385;14.0;0.3342646501317466;214.0;0.191716991710876;3.817553640936772;0.6111385595904022;6.71;0.8252993346466351
ПРОБА 402;2400.0;33.52588544633725;15.0;0.3462321882033715;214.0;0.191716991710876;3.9123312063632056;0.2456560561090714;6.71;0.7071162807497143
ПРОБА 403;2400.0;33.083262110119584;16.0;0.3474125853177697;214.0;0.191716991710876;3.8647557271168607;0.6545606053831061;6.71;0.4019435592943482
ПРОБА 404;2400.0;33.250383497344764;17.0;0.3384156126365306;214.0;0.191716991710876;3.873341225573918;1.7107791814109283;6.71;0.6411664314209188
ПРОБА 405;2400.0;33.00808270088675;18.0;0.3552465620426223;214.0;0.191716991710876;3.878358983234539;0.2681594109607947;6.71;0.5402038151237823
ПРОБА 406;2400.0;0.0;3.0;0.073467178027981;217.0;0.1841336108613943;3.608116654402744;0.3794509838331006;2.762868440012498;0.348863075347693
ПРОБА 407;2400.0;24.664052087461343;4.0;0.0599838330012333;217.0;0.0327950509149222;3.5;0.128034046501748;0.0;0.348863075347693
ПРОБА 408;2400.0;-0.0001724822817985;5.0;0.2850035288507355;217.0;0.191716991710876;3.8164265006345137;1.0193559119802469;6.71;0.6590205398993465
ПРОБА 409;2400.0;-0.0087466682104175;6.0;0.0599838330012333;217.0;0.0327950509149222;3.506707993302942;0.128034046501748;1.1323636386697182;0.348863075347693
ПРОБА 410;2400.0;0.8457330054348444;7.0;0.6943353959533315;217.0;0.191716991710876;4.197230194835326;0.128034046501748;6.71;0.6347880789623689
ПРОБА 411;2400.0;-1.0026010223563662e-07;8.0;0.0599838330012333;217.0;0.0327950509149222;3.5;0.1513437283217874;0.0;0.348863075347693
ПРОБА 412;2400.0;-1.0026010223563662e-07;9.0;0.0599838330012333;217.0;0.0327950509149222;3.5;0.128034046501748;0.0;0.348863075347693
ПРОБА 413;2400.0;-1.0026010223563662e-07;10.0;0.0599838330012333;217.0;0.0327950509149222;3.5;0.7630694818250101;0.0;0.3572694871228448
ПРОБА 414;2400.0;26.183351192552543;11.0;0.4304159614589369;217.0;0.191716991710876;3.9579659600943287;0.6004134420349052;6.71;0.8206164843049142
ПРОБА 415;2400.0;33.510438538932895;12.0;0.3593450941359258;217.0;0.191716991710876;3.899249854061569;1.0128068964547885;6.71;1.0591792567547402
ПРОБА 416;2400.0;0.0;13.0;0.3147970507891398;217.0;0.191716991710876;3.841516876474045;0.128034046501748;6.71;0.6427157124818811
ПРОБА 417;2400.0;5.331869918051883;14.0;0.0599838330012333;217.0;0.0327950509149222;3.5;0.128034046501748;0.0;0.348863075347693
ПРОБА 418;2400.0;-5.208931760141412e-11;15.0;0.0599838330012333;217.0;0.0327950509149222;3.5;0.128034046501748;0.0;0.348863075347693
ПРОБА 419;2400.0;-3.8198521140028;16.0;0.0599838330012333;217.0;0.0327950509149222;3.5;0.128034046501748;0.2609311367537281;0.348863075347693
ПРОБА 420;2400.0;33.18274531804004;17.0;0.3471683868981358;217.0;0.191716991710876;3.902401911419013;0.1317695316012997;6.71;0.4148163719627352
ПРОБА 421;2400.0;-2.261822295108713e-10;18.0;0.0599838330012333;217.0;0.0327950509149222;3.5;0.128034046501748;0.4793978564052678;1.1458910763946195
ПРОБА 422;2400.0;-4.102171290131637;3.0;0.0608145987753316;220.0;0.1528346552550313;3.5877220281278768;1.7471011545006117;3.174833560130132;0.348863075347693
ПРОБА 423;2400.0;0.0;4.0;0.0599838330012333;220.0;0.0327950509149222;3.5;0.438925445501759;0.0;0.348863075347693
ПРОБА 424;2400.0;32.679769807564576;5.0;0.3818819990321354;220.0;0.191716991710876;3.910144058170072;1.0615856005194535;6.71;0.8539771154566759
ПРОБА 425;2400.0;-1.1519691911985293;6.0;0.0599838330012333;220.0;0.0327950509149222;3.5;0.128034046501748;0.0;0.348863075347693
ПРОБА 426;2400.0;0.4629270269480697;7.0;0.0599838330012333;220.0;0.0327950509149222;3.5;0.5554758153193744;0.0;0.348863075347693
ПРОБА 427;2400.0;0.0;8.0;0.1271046429048614;220.0;0.191716991710876;3.663231039198892;0.128034046501748;3.5724301041534208;0.8802684393496775
ПРОБА 428;2400.0;0.0;9.0;0.0599838330012333;220.0;0.0327950509149222;3.5;0.128034046501748;0.0;0.348863075347693
ПРОБА 429;2400.0;34.72827561627588;10.0;0.3086726507902689;220.0;0.191716991710876;3.852199276892345;0.2641686526287707;6.71;0.348863075347693
ПРОБА 430;2400.0;33.149757764918014;11.0;0.3816866991491525;220.0;0.191716991710876;3.943793645602646;0.920298648372507;6.71;1.1710167650725622
ПРОБА 431;2400.0;33.149757764918014;12.0;0.3586923882393297;220.0;0.191716991710876;3.888947867159252;0.128034046501748;6.71;0.913494517848457
ПРОБА 432;2400.0;15.63070904919031;13.0;0.0599838330012333;220.0;0.0327950509149222;3.5;0.128034046501748;0.0;0.348863075347693
ПРОБА 433;2400.0;0.2501682171277296;14.0;0.0599838330012333;220.0;0.0327950509149222;3.5;0.128034046501748;0.0;0.4728528490335884
ПРОБА 434;2400.0;-4.341496074377409e-24;15.0;0.128614725794089;220.0;0.191716991710876;3.626467699334213;1.0725919541963838;4.383814456272631;0.6961144790177605
ПРОБА 435;2400.0;33.53420622432369;16.0;0.3056337633560447;220.0;0.191716991710876;3.847426524753337;0.8144326029272313;6.71;0.5938082680167079
ПРОБА 436;2400.0;0.0;17.0;0.2800831897206593;220.0;0.191716991710876;3.774758713482113;0.7312865633582499;6.71;1.2454567795751277
ПРОБА 437;2400.0;0.0;18.0;0.0599838330012333;220.0;0.0327950509149222;3.513777162436027;0.4155456312591356;1.0916381933621695;0.348863075347693
